{"cameraMode":{"drawMode":0,"name":"Shaded","section":"Shading Mode"},"sceneLighting":false,"audioPlay":false,"sceneViewState":{"m_AlwaysRefresh":false,"showFog":true,"showSkybox":false,"showFlares":true,"showImageEffects":true,"showParticleSystems":true,"showVisualEffectGraphs":true,"m_FxEnabled":false},"in2DMode":false,"pivot":{"x":0.47926566004753115,"y":0.9996589422225952,"z":0.5077803134918213},"rotation":{"x":0.4113818407058716,"y":-0.07233825325965882,"z":0.032773833721876147,"w":0.9079986214637756},"size":2.0089478492736818,"orthographic":false}